main image,grade 1 category,grade 2 category,grade 3 category
https://m.media-amazon.com/images/I/71QrkenaWbL._AC_US600_.jpg,Health and Household,Household Supplies,Household Batteries
https://m.media-amazon.com/images/I/41askX+BhbL._AC_US600_.jpg,Beauty and Personal Care,Tools and Accessories,Cotton Balls and Swabs
https://m.media-amazon.com/images/I/61K6cQhw4EL._AC_US600_.jpg,Beauty and Personal Care,Makeup,Eyes
https://m.media-amazon.com/images/I/71X2dEB5TIL._AC_US600_.jpg,Office Products,Office and School Supplies,"Tape, Adhesives and Fasteners"
https://m.media-amazon.com/images/I/51hlWKmv9RL._SS600_.jpg,Health and Household,Health Care,First Aid
https://m.media-amazon.com/images/I/61B7mux9lIL._AC_US600_.jpg,Toys and Games,Games and Accessories,Card Games
https://m.media-amazon.com/images/I/71x8eJYN4JL._AC_US600_.jpg,Beauty and Personal Care,Shave and Hair Removal,Women's
https://m.media-amazon.com/images/I/51Rdzgqxe5L._AC_US600_.jpg,Home and Kitchen,Event and Party Supplies,Tableware
https://m.media-amazon.com/images/I/71aXySiXjNL._AC_US600_.jpg,Health and Household,Oral Care,Dental Floss and Picks
https://m.media-amazon.com/images/I/71YLxhnPUxL._AC_US600_.jpg,Automotive,Car Care,Tools and Equipment
https://m.media-amazon.com/images/I/71ZbDgLQWLL._AC_US600_.jpg,Beauty and Personal Care,Hair Care,Styling Products
https://m.media-amazon.com/images/I/81Xu5Vq4goL._AC_US600_.jpg,Beauty and Personal Care,Personal Care,Deodorants and Antiperspirants
https://m.media-amazon.com/images/I/71cSg-qmdzL._AC_US600_.jpg,Health and Household,"Vitamins, Minerals and Supplements",Minerals
https://m.media-amazon.com/images/I/61pVQ0ca4zL._AC_US600_.jpg,Small Appliance Parts and Accessories,Coffee and Espresso Machine Parts and Accessories,Coffee Machine Accessories
https://m.media-amazon.com/images/I/31tIssP5CQL._AC_US600_.jpg,Beauty and Personal Care,"Foot, Hand and Nail Care",Foot and Hand Care
https://m.media-amazon.com/images/I/71x-iCOHaaL._AC_US600_.jpg,Toys and Games,Arts and Crafts,Craft Kits
https://m.media-amazon.com/images/I/41E7ALk+uXL._AC_US600_.jpg,Home and Kitchen,Kitchen and Dining,Kitchen Utensils and Gadgets
https://m.media-amazon.com/images/I/31ajpb-D+eL._SS600_.jpg,Beauty and Personal Care,Skin Care,Body
https://m.media-amazon.com/images/I/61ASP4MQucL._AC_US600_.jpg,Baby Products,Baby Care,Grooming
https://m.media-amazon.com/images/I/813EVHG9BBL._AC_US600_.jpg,Toys and Games,Novelty and Gag Toys,Wind-Up Toys
https://m.media-amazon.com/images/I/71INm9IvkRL._AC_US600_.jpg,Health and Household,Vision,Eyeglasses Care
https://m.media-amazon.com/images/I/71k45i-sZzL._AC_US600_.jpg,Toys and Games,Baby and Toddler Toys,Bath Toys
https://m.media-amazon.com/images/I/71V7L0wjQ-L._AC_US600_.jpg,Home and Kitchen,Bath,Bathroom Accessories
https://m.media-amazon.com/images/I/71S4-NjoTDL._AC_US600_.jpg,Sports and Outdoors,Exercise and Fitness,Strength Training Equipment
https://m.media-amazon.com/images/I/71M6a8SHCeL._AC_US600_.jpg,Home and Kitchen,Bedding,Sheets and Pillowcases
https://m.media-amazon.com/images/I/717pEZOKLML._AC_US600_.jpg,Home and Kitchen,Home D¨¦cor Products,Kids' Room D¨¦cor
https://m.media-amazon.com/images/I/610bnVxwbXL._AC_US600_.jpg,Industrial and Scientific,Lab and Scientific Products,Lab Chemicals
https://m.media-amazon.com/images/I/41aRh58PGEL._AC_US600_.jpg,Health and Household,Sexual Wellness,Safer Sex
https://m.media-amazon.com/images/I/71nOJMzHULL._AC_US600_.jpg,Pet Supplies,Cats,Litter and Housebreaking
https://m.media-amazon.com/images/I/61MFDm-Gr5L._AC_US600_.jpg,"Clothing, Shoes and Jewelry","Shoe, Jewelry and Watch Accessories",Jewelry Accessories
https://m.media-amazon.com/images/I/71GkXwnR8EL._AC_US600_.jpg,Toys and Games,Stuffed Animals and Plush Toys,Plush Figures
https://m.media-amazon.com/images/I/61iLNIUwPnL._AC_US600_.jpg,Pet Supplies,Dogs,Toys
https://m.media-amazon.com/images/I/717AAfSH-jL._AC_US600_.jpg,Toys and Games,Learning and Education,Electronic Learning Toys
https://m.media-amazon.com/images/I/81PxhlJqk-L._AC_US600_.jpg,Toys and Games,Vehicles,Cars and Race Cars
https://m.media-amazon.com/images/I/41eblxSpxDL._SS600_.jpg,Beauty and Personal Care,Fragrance,Women's
https://m.media-amazon.com/images/I/71ZC7ay+mHL._AC_US600_.jpg,Industrial and Scientific,"Adhesives, Sealants and Lubricants",Industrial Lubricants
https://m.media-amazon.com/images/I/31GFcXvNoSL._AC_US600_.jpg,Health and Household,Baby and Child Care,Personal Care
https://m.media-amazon.com/images/I/51B7cuSkT4L._AC_US600_.jpg,Toys and Games,Party Supplies,Party Favors
https://m.media-amazon.com/images/I/412ldwpkpYL._AC_US600_.jpg,"Patio, Lawn and Garden",Pest Control,Traps
https://m.media-amazon.com/images/I/416-h916AyL._AC_US600_.jpg,Electronics,Television and Video,Accessories
https://m.media-amazon.com/images/I/31iP5NDU2CL._AC_US600_.jpg,Toys and Games,Toy Figures and Playsets,Play Figure Vehicles
https://m.media-amazon.com/images/I/81UVmEEoiAL._AC_US600_.jpg,"Arts, Crafts and Sewing",Crafting,Paper and Paper Crafts
https://m.media-amazon.com/images/I/713SHo0TyAL._AC_US600_.jpg,Baby Products,Feeding,Breastfeeding
https://m.media-amazon.com/images/I/71++hSisgmL._AC_US600_.jpg,Tools and Home Improvement,"Paint, Wall Treatments and Supplies",Painting Supplies and Tools
https://m.media-amazon.com/images/I/71Tsm53gMrL._AC_US600_.jpg,Baby Products,Safety,Bathroom Safety
https://m.media-amazon.com/images/I/71uelAWQVoL._AC_US600_.jpg,Tools and Home Improvement,Hardware,Tarps and Tie-Downs
https://m.media-amazon.com/images/I/71jfdZegY9L._AC_US600_.jpg,Tools and Home Improvement,Safety and Security,Personal Protective Equipment
https://m.media-amazon.com/images/I/61y18KMKDBL._AC_US600_.jpg,Health and Household,Wellness and Relaxation,Massage Tools and Equipment
https://m.media-amazon.com/images/I/81wSxBWACSL._AC_US600_.jpg,Industrial and Scientific,Professional Medical Supplies,Apparel
https://m.media-amazon.com/images/I/81gS9xV90KL._AC_US600_.jpg,Toys and Games,Puzzles,Pegged Puzzles
https://m.media-amazon.com/images/I/61vysAVtFBL._AC_US600_.jpg,"Arts, Crafts and Sewing",Sewing,Sewing Notions and Supplies
https://m.media-amazon.com/images/I/51av62Ald-L._AC_US600_.jpg,Baby Products,Diapering,Wipes and Holders
https://m.media-amazon.com/images/I/81mLYl6X+hL._AC_US600_.jpg,Tools and Home Improvement,Building Supplies,HVAC
https://m.media-amazon.com/images/I/31AeT5175lL._AC_US600_.jpg,"Patio, Lawn and Garden",Outdoor D¨¦cor,Water Gardens and Ponds
https://m.media-amazon.com/images/I/41nBOkT3DPL._AC_US600_.jpg,Tools and Home Improvement,Kitchen and Bath Fixtures,Water Filtration and Softeners
https://m.media-amazon.com/images/I/61XBgsaZjAL._AC_US600_.jpg,Beauty and Personal Care,,Customers' Most-Loved Beauty
"https://m.media-amazon.com/images/I/41jCDstPVaL._AC_SR600,600_.jpg",Cell Phones and Accessories,Accessories,"Maintenance, Upkeep and Repairs"
https://m.media-amazon.com/images/I/5154HSaonaL._AC_US600_.jpg,Pet Supplies,Horses,Health Supplies
https://m.media-amazon.com/images/I/910AcJaX5cL._AC_US600_.jpg,Toys and Games,Dolls and Accessories,Dolls
https://m.media-amazon.com/images/I/81vhEwlLP5L._AC_US600_.jpg,Sports and Outdoors,Outdoor Recreation,Camping and Hiking
https://m.media-amazon.com/images/I/61i-v5lf4TL._AC_US600_.jpg,Tools and Home Improvement,Measuring and Layout Tools,Scanners and Testers
https://m.media-amazon.com/images/I/41J3WrMvaJL._AC_US600_.jpg,Electronics,Computers and Accessories,Computer Accessories and Peripherals
https://m.media-amazon.com/images/I/71tW+V125PL._AC_US600_.jpg,"Arts, Crafts and Sewing",Beading and Jewelry Making,Jewelry Making Tools and Accessories
https://m.media-amazon.com/images/I/81gAOBO+9FL._AC_US600_.jpg,Pet Supplies,Small Animals,Treats
https://m.media-amazon.com/images/I/71LYaEPUjmL._AC_US600_.jpg,Home and Kitchen,Storage and Organization,Laundry Storage and Organization
https://m.media-amazon.com/images/I/6199ifhM5GL._AC_US600_.jpg,Tools and Home Improvement,Lighting and Ceiling Fans,Novelty Lighting
"https://m.media-amazon.com/images/I/41ZSp-BcGsL._AC_SR600,600_.jpg",Electronics,"GPS, Finders and Accessories",GPS System Accessories
https://m.media-amazon.com/images/I/4138xFh0O9L._AC_US600_.jpg,Electronics,eBook Readers and Accessories,Covers
https://m.media-amazon.com/images/I/71G87WQ1KuS._AC_US600_.jpg,Health and Household,Medical Supplies and Equipment,Health Monitors
https://m.media-amazon.com/images/I/714ge3eepCL._AC_US600_.jpg,Sports and Outdoors,Hunting and Fishing,Fishing
https://m.media-amazon.com/images/I/61-Qb4xpbNL._AC_US600_.jpg,Toys and Games,Dress Up and Pretend Play,Kitchen Toys
https://m.media-amazon.com/images/I/81Rgb25iryL._AC_US600_.jpg,Toys and Games,Building Toys,Building Sets
https://m.media-amazon.com/images/I/71N5-jP8GEL._AC_US600_.jpg,"Patio, Lawn and Garden",Gardening and Lawn Care,"Soils, Mulches and Planting Media"
https://m.media-amazon.com/images/I/41Xo6BySHbL._AC_US600_.jpg,Musical Instruments,Instrument Accessories,General Accessories
"https://m.media-amazon.com/images/I/515zntSs2cL._SX600_SY600_CR,0,0,600,600_.jpg",Electronics,Home Audio,Home Audio Accessories
https://m.media-amazon.com/images/I/21u7r05NWSL._AC_US600_.jpg,Industrial and Scientific,Janitorial and Sanitation Supplies,Cleaning Tools
https://m.media-amazon.com/images/I/7140AFB7YoL._AC_US600_.jpg,Sports and Outdoors,Sports,Tennis and Racquet Sports
https://m.media-amazon.com/images/I/61luZUJw5EL._AC_US600_.jpg,Tools and Home Improvement,Plumbing,Toilet Parts
https://m.media-amazon.com/images/I/71aVnvqepEL._AC_US600_.jpg,Toys and Games,Sports and Outdoor Play,Blasters and Foam Play
https://m.media-amazon.com/images/I/61e5aE3kxZL._AC_US600_.jpg,"Clothing, Shoes and Jewelry",Women,Clothing
https://m.media-amazon.com/images/I/61HU-WJaaZL._AC_US600_.jpg,Industrial and Scientific,Abrasive and Finishing Products,Finishing Products
https://m.media-amazon.com/images/I/811dERKLr0L._AC_US600_.jpg,Sports and Outdoors,Sports and Outdoor Recreation Accessories,Inflation Devices and Accessories
https://m.media-amazon.com/images/I/51Cxo-8uVnL._AC_US600_.jpg,Electronics,"Headphones, Earbuds and Accessories",Adapters
https://m.media-amazon.com/images/I/61GGKRGgJ6L._AC_US600_.jpg,Tools and Home Improvement,Light Bulbs,LED Bulbs
https://m.media-amazon.com/images/I/61snLa-03yL._AC_US600_.jpg,Office Products,Office Furniture and Lighting,Furniture Accessories
https://m.media-amazon.com/images/I/712yaXFZGbL._AC_US600_.jpg,Home and Kitchen,Seasonal D¨¦cor,Seasonal Lighting
https://m.media-amazon.com/images/I/71Hz9qwLc0L._AC_US600_.jpg,Automotive,Interior Accessories,Consoles and Organizers
https://m.media-amazon.com/images/I/71ww6EQvBWL._AC_US600_.jpg,"Patio, Lawn and Garden",Grills and Outdoor Cooking,Outdoor Cooking Tools and Accessories
https://m.media-amazon.com/images/I/51QXQFtyZvL._AC_US600_.jpg,Electronics,Accessories and Supplies,Cord Management
https://m.media-amazon.com/images/I/61Uz0P19r-L._AC_US600_.jpg,"Arts, Crafts and Sewing","Painting, Drawing and Art Supplies",Drawing
https://m.media-amazon.com/images/I/61EnzjUYqzL._AC_US600_.jpg,"Clothing, Shoes and Jewelry",Men,Accessories
https://m.media-amazon.com/images/I/614mnBjw2hL._AC_US600_.jpg,Tools and Home Improvement,Power and Hand Tools,Hand Tools
https://m.media-amazon.com/images/I/71RRj6kPMbL._AC_US600_.jpg,Automotive,Tires and Wheels,Accessories and Parts
https://m.media-amazon.com/images/I/51n-lmcx6cL._AC_US600_.jpg,Tools and Home Improvement,Electrical,"Cords, Adapters and Multi-Outlets"
https://m.media-amazon.com/images/I/81njXhJeDxS._AC_US600_.jpg,"Clothing, Shoes and Jewelry",Girls,Clothing
https://m.media-amazon.com/images/I/5195OSYTAfL._AC_US600_.jpg,Automotive,Motorcycle and Powersports,Protective Gear
https://m.media-amazon.com/images/I/71QFUutEH7L._AC_US600_.jpg,Health and Household,Stationery and Gift Wrapping Supplies,Gift Wrapping Supplies
https://m.media-amazon.com/images/I/81HLbaWf4mL._AC_US600_.jpg,"Clothing, Shoes and Jewelry",Novelty and More,Clothing
https://m.media-amazon.com/images/I/81RUX4vjJyL._AC_US600_.jpg,"Clothing, Shoes and Jewelry",Luggage and Travel Gear,Travel Accessories
https://m.media-amazon.com/images/I/71li7a2t0HL._AC_US600_.jpg,Automotive,Tools and Equipment,Tire and Wheel Tools
https://m.media-amazon.com/images/I/715WhvNns0L._AC_US600_.jpg,Automotive,Exterior Accessories,"Bumper Stickers, Decals and Magnets"
https://m.media-amazon.com/images/I/81ZwbfGXNmL._AC_US600_.jpg,Pet Supplies,Birds,Food
https://m.media-amazon.com/images/I/71t5OxkpANS._AC_US600_.jpg,Pet Supplies,Fish and Aquatic Pets,Food
https://m.media-amazon.com/images/I/71hSAIENHkL._AC_US600_.jpg,Office Products,Office Electronics,Calculators
https://m.media-amazon.com/images/I/41oxL0hAfDL._AC_US600_.jpg,Automotive,Oils and Fluids,Cleaners
https://m.media-amazon.com/images/I/61u6ZfEEWvL._AC_US600_.jpg,"Arts, Crafts and Sewing",Fabric Decorating,Dyes
https://m.media-amazon.com/images/I/71syLvVXbCL._AC_US600_.jpg,"Arts, Crafts and Sewing",Printmaking,Heat Press Machines and Accessories
https://m.media-amazon.com/images/I/71BqfAUETPL._AC_US600_.jpg,Industrial and Scientific,Fasteners,Collated Fasteners
https://m.media-amazon.com/images/I/719kGaRPXdL._AC_US600_.jpg,Industrial and Scientific,Industrial Hardware,Hooks
https://m.media-amazon.com/images/I/613BjHd7ZoL._AC_US600_.jpg,Industrial and Scientific,Professional Dental Supplies,Handpieces and Instruments
https://m.media-amazon.com/images/I/712TEEw0idL._AC_US600_.jpg,"Clothing, Shoes and Jewelry",Costumes and Accessories,Women
https://m.media-amazon.com/images/I/51tI5SvCCxL._AC_US600_.jpg,Industrial and Scientific,Food Service Equipment and Supplies,Storage and Transport
https://m.media-amazon.com/images/I/81fgW9fbArL._AC_US600_.jpg,Industrial and Scientific,Occupational Health and Safety Products,Safety Signs and Signals
https://m.media-amazon.com/images/I/914rDCqCJuL._AC_US600_.jpg,Electronics,Camera and Photo,Lighting and Studio
https://m.media-amazon.com/images/I/81MOwHuKglL._AC_US600_.jpg,Automotive,Replacement Parts,Body and Trim
https://m.media-amazon.com/images/I/81OYnDKwlUL._AC_US600_.jpg,Electronics,Wearable Technology,Rings
https://m.media-amazon.com/images/I/71Rjkjlx1jL._AC_US600_.jpg,Appliances,Parts and Accessories,Dishwasher Parts and Accessories
https://m.media-amazon.com/images/I/31Og1UImkFL._AC_US600_.jpg,Home and Kitchen,"Heating, Cooling and Air Quality",Household Fans
https://m.media-amazon.com/images/I/61+0WUTn+0L._AC_US600_.jpg,Health and Household,Diet and Sports Nutrition,Sports Nutrition
https://m.media-amazon.com/images/I/71QL1zxhOCL._AC_US600_.jpg,Pet Supplies,Reptiles and Amphibians,Food
https://m.media-amazon.com/images/I/71WPzEpqYfL._AC_US600_.jpg,"Arts, Crafts and Sewing",Knitting and Crochet,Knitting and Crochet Notions
https://m.media-amazon.com/images/I/61kUpYIA0FS._AC_US600_.jpg,Industrial and Scientific,Material Handling Products,Industrial Magnets
https://m.media-amazon.com/images/I/51p2TbLglJL._AC_US600_.jpg,Industrial and Scientific,Packaging and Shipping Supplies,Dunnage and Protectors
https://m.media-amazon.com/images/I/515P-fywYUL._AC_US600_.jpg,Toys and Games,Collectible Toys,Collectible Display and Storage
https://m.media-amazon.com/images/I/810iOx4l2FL._AC_US600_.jpg,Cell Phones and Accessories,"Cases, Holsters and Sleeves",Basic Cases
https://m.media-amazon.com/images/I/61f6yhQHOQL._AC_US600_.jpg,Industrial and Scientific,"Test, Measure and Inspect",Dimensional Measurement
https://m.media-amazon.com/images/I/71qwpd6POXL._AC_US600_.jpg,Automotive,"Lights, Bulbs and Indicators",Bulbs
https://m.media-amazon.com/images/I/41fw4gOo4rL._AC_US600_.jpg,Power and Hand Tools,Power Tool Parts and Accessories,Power Finishing Tool Parts and Accessories
https://m.media-amazon.com/images/I/71IuaFqSuZL._AC_US600_.jpg,"Patio, Lawn and Garden","Pools, Hot Tubs and Supplies",Filters and Filter Media
https://m.media-amazon.com/images/I/811vh6RIoVL._AC_US600_.jpg,"Arts, Crafts and Sewing",Scrapbooking and Stamping,Albums and Refills
https://m.media-amazon.com/images/I/71zXiG6-TeL._AC_US600_.jpg,"Clothing, Shoes and Jewelry",Sport Specific Clothing,Yoga
https://m.media-amazon.com/images/I/61+lOaYZ-mL._AC_US600_.jpg,Toys and Games,Kids' Electronics,Electronic Pets
https://m.media-amazon.com/images/I/718XcgP1EiL._AC_US600_.jpg,Industrial and Scientific,Industrial Electrical,Wiring and Connecting
https://m.media-amazon.com/images/I/71a88Qu3zUS._AC_US600_.jpg,"Patio, Lawn and Garden",Outdoor Power Tools,Replacement Parts and Accessories
https://m.media-amazon.com/images/I/51LnqaPRVLL._AC_US600_.jpg,Baby Products,Strollers and Accessories,Accessories
https://m.media-amazon.com/images/I/916RbHGc2qL._AC_US600_.jpg,Baby Products,Nursery,Bedding
https://m.media-amazon.com/images/I/71ivgeiqfcL._AC_US600_.jpg,Musical Instruments,Live Sound and Stage,Stage and Studio Cables
https://m.media-amazon.com/images/I/61k1c7De91L._AC_US600_.jpg,Musical Instruments,Microphones and Accessories,Microphones
https://m.media-amazon.com/images/I/51yf-bKX00L._AC_US600_.jpg,Tools and Home Improvement,Welding and Soldering,Soldering and Brazing Equipment
https://m.media-amazon.com/images/I/51AVtOju-QL._AC_US600_.jpg,Electronics,Car and Vehicle Electronics,Car Electronics
https://m.media-amazon.com/images/I/81r+EWZYnHL._AC_US600_.jpg,"Clothing, Shoes and Jewelry",Baby,Baby Girls
https://m.media-amazon.com/images/I/71rvSCGg+XL._AC_US600_.jpg,Industrial and Scientific,Additive Manufacturing Products,3D Printing Supplies
https://m.media-amazon.com/images/I/81txzveWX4L._AC_US600_.jpg,Baby Products,Activity and Entertainment,Baby Gyms and Playmats
https://m.media-amazon.com/images/I/71UcanemeVL._AC_US600_.jpg,Baby Products,Gifts,Newborn Gift Sets
https://m.media-amazon.com/images/I/81-7+N8FJ-L._AC_US600_.jpg,Home and Kitchen,Furniture,Kids' Furniture
https://m.media-amazon.com/images/I/618r5TfuHwL._AC_US600_.jpg,Baby Products,Potty Training,Seats
https://m.media-amazon.com/images/I/71RijZ8P8WS._AC_US600_.jpg,"Clothing, Shoes and Jewelry",Boys,Clothing
https://m.media-amazon.com/images/I/61LMF9i+c-L._AC_US600_.jpg,Electronics,Power Accessories,Power Converters
https://m.media-amazon.com/images/I/71xKviSit5L._AC_US600_.jpg,Toys and Games,Remote and App Controlled Vehicles and Parts,Remote and App Controlled Vehicles
https://m.media-amazon.com/images/I/717jLC67tAL._AC_US600_.jpg,Home and Kitchen,Vacuums and Floor Care,Vacuum Parts and Accessories
"https://m.media-amazon.com/images/I/41ddiJuynpL._SX600_SY600_CR,0,0,600,600_.jpg",Electronics,"Household Batteries, Chargers and Accessories",Battery Chargers
https://m.media-amazon.com/images/I/51Bc3AF-YEL._AC_US600_.jpg,Electronics,Portable Audio and Video,MP3 and MP4 Player Accessories
https://m.media-amazon.com/images/I/412xJd9JzDL._AC_US600_.jpg,Home and Kitchen,Irons and Steamers,Irons
https://m.media-amazon.com/images/I/61eBy7-9xWL._AC_US600_.jpg,Baby Products,Car Seats and Accessories,Accessories
https://m.media-amazon.com/images/I/71bjrthpajL._AC_US600_.jpg,Tools and Home Improvement,Storage and Home Organization,Garage Storage
https://m.media-amazon.com/images/I/71wifRHZDQL._AC_US600_.jpg,Home and Kitchen,Kids' Home Store,Kids' Bath
https://m.media-amazon.com/images/I/71L-tkuju-L._AC_US600_.jpg,Sports and Outdoors,Fan Shop,Clothing Accessories
https://m.media-amazon.com/images/I/31vcc1QNypL._AC_US600_.jpg,Musical Instruments,Wind and Woodwind Instruments,Folk and World
https://m.media-amazon.com/images/I/71ci7GmXwbL._AC_US600_.jpg,Industrial and Scientific,Retail Store Fixtures and Equipment,Retail Bags and Boxes
https://m.media-amazon.com/images/I/61fHs7F-W5S._AC_US600_.jpg,Automotive,RV Parts and Accessories,Interior
https://m.media-amazon.com/images/I/71tj9E7rIbL._AC_US600_.jpg,"Arts, Crafts and Sewing","Organization, Storage and Transport","Pen, Pencil and Marker Cases"
https://m.media-amazon.com/images/I/81BtHXjKZeL._AC_US600_.jpg,Musical Instruments,"Electronic Music, DJ and Karaoke",Karaoke Equipment
https://m.media-amazon.com/images/I/81oHvJt634L._AC_US600_.jpg,Musical Instruments,Studio Recording Equipment,Headphone and In-Ear Audio Monitors
https://m.media-amazon.com/images/I/81rj+Or7PkL._AC_US600_.jpg,Baby Products,Travel Gear,Carriers and Accessories
https://m.media-amazon.com/images/I/51c9l4kirWL._AC_US600_.jpg,Electronics,Security and Surveillance,Horns and Sirens
https://m.media-amazon.com/images/I/71Tc4D+l-xL._AC_US600_.jpg,Baby Products,Pregnancy and Maternity,Maternity Pillows
https://m.media-amazon.com/images/I/81x4V-Yf76L._AC_US600_.jpg,"Patio, Lawn and Garden",Farm and Ranch,Poultry Care
https://m.media-amazon.com/images/I/81rXh06ultL._AC_US600_.jpg,Toys and Games,"Tricycles, Scooters and Wagons",Push Ride-Ons
https://m.media-amazon.com/images/I/71IGcqSrqzL._AC_US600_.jpg,"Patio, Lawn and Garden",Patio Furniture and Accessories,Patio Furniture Covers
https://m.media-amazon.com/images/I/51Rber8gF3L._AC_US600_.jpg,"Patio, Lawn and Garden",Snow Removal,Snow Shovels
https://m.media-amazon.com/images/I/71bg5Fu-fLL._AC_US600_.jpg,"Patio, Lawn and Garden",Outdoor Heating and Cooling,Fire Pits and Outdoor Fireplaces
https://m.media-amazon.com/images/I/61p5Knewi+L._AC_US600_.jpg,"Patio, Lawn and Garden",Generators and Portable Power,Generators
https://m.media-amazon.com/images/I/71Fs21B3oAL._AC_US600_.jpg,Hunting and Fishing,Shooting,"Gun Accessories, Maintenance and Storage"
https://m.media-amazon.com/images/I/717Bh1wcU5L._AC_US600_.jpg,Appliances,"Refrigerators, Freezers and Ice Makers",Ice Makers
https://m.media-amazon.com/images/I/612dJq38yjL._AC_US600_.jpg,Beauty and Personal Care,Salon and Spa Equipment,High Frequency Machines
https://m.media-amazon.com/images/I/91K5Jqu0rUL._AC_US600_.jpg,Musical Instruments,Keyboards and MIDI,Electronic Keyboards
https://m.media-amazon.com/images/I/31lDxzf4fUL._AC_US600_.jpg,"Patio, Lawn and Garden",Outdoor Storage and Housing,Deck Boxes
