商品标题,产品
"BestEvMod for Rivian R1T&amp;Rivian R1S Accessories Center Console Organizer Tray w/o Coin Holder Armrest Storage Box with PVC Trim Compatible with Rivian R1T/R1S 2022 2023 Accessories(W/O Coin,Yellow)",扶手箱储物盒
BestEvMod for Rivian R1T &amp; Rivian R1S Lower Center Console Organizer Tray Interior Accessories Storage Box ABS Material with PVC Trim Compatible with Rivian R1T/R1S 2022 2023 Accessories (Black),中控下储物盒
BestEvMod for Rivian R1T &amp; Rivian R1S Accessories Center Console Organizer Tray Armrest Storage Box ABS Material with PVC Trim Compatible with Rivian R1T/R1S 2022 2023 Accessories (V2 Yellow),扶手箱储物盒
"BestEvMod for Rivian R1T&amp;Rivian R1S Accessories Center Console Organizer Tray w/o Coin Holder Armrest Storage Box with PVC Trim Compatible with Rivian R1T/R1S 2022 2023 Accessories(W/O Coin,Black)",扶手箱储物盒
BestEvMod for Rivian R1T & Rivian R1S Accessories Center Console Organizer Tray Armrest Storage Box ABS Material with PVC Trim Compatible with Rivian R1T/R1S 2022 2023 Accessories (V2 Black),扶手箱储物盒
BestEvMod for Rivian R1T &amp; Rivian R1S Lower Center Console Organizer Tray Interior Accessories Storage Box ABS Material with PVC Trim Compatible with Rivian R1T/R1S 2022 2023 Accessories (Yellow),中控下储物盒
BestEvMod for Rivian R1T &amp; Rivian R1S Accessories Center Console Organizer Tray Armrest Storage Box ABS Material with PVC Trim Compatible with Rivian R1T/R1S 2022 2023 Accessories (V2 Black),扶手箱储物盒
BestEvMod for Rivian R1T R1S All-Weather Front Trunk Mat TPE Material Rubber Cargo Liner Compatible with Rivian R1T R1S 2022 2023 Accessories (Lower Layer),前备箱下层垫
BestEvMod for Rivian R1T R1S All-Weather Front Trunk Mat TPE Material Rubber Cargo Liner Compatible with Rivian R1T R1S 2022 2023 Accessories (Upper Layer),前备箱上层垫
BestEvMod for Rivian R1T R1S All-Weather Front Trunk Mat TPE Material Rubber Cargo Liner Compatible with Rivian R1T R1S 2022 2023 Accessories (Upper + Lower Layer),前备箱上层垫+下层垫
TripleAliners for Rivian R1T &amp; R1S Armrest Organizer Center Console Storage Tray with Leather Trim Interior Accessories Compatible with Rivian R1T/R1S 2022 2023 (Leather Ocean Coast),扶手箱储物盒
TripleAliners for Rivian R1T &amp; R1S Armrest Organizer Center Console Storage Tray with Leather Trim Interior Accessories Compatible with Rivian R1T/R1S 2022 2023 (Leather Black),扶手箱储物盒
TripleAliners for Rivian R1T &amp; R1S Lower Center Console Tray Storage Insert Box with Leather Trim Interior Accessories Compatible with Rivian R1T/R1S 2022 2023 (Leather Ocean Coast),中控下储物盒
TripleAliners for Rivian R1T &amp; R1S Lower Center Console Tray Storage Insert Box with Leather Trim Interior Accessories Compatible with Rivian R1T/R1S 2022 2023 (Leather Black),中控下储物盒
"Rivian R1T/R1S Console Cupholder Box 2022+ Rivian R1T/R1S Central Console Storage Box Rivian R1T/R1S Accessories Water Cup Holder Box Compatible with 2022 2023 Rivian R1T/R1S SUV,Pickup,Trucks",中控下储物盒
Center Console Organizer for Rivian R1T/R1S 2022+ Automotive Console Organizer 2022 2023 Rivian R1T/R1S Accessories Armrest Storage Tray Compatible with 2022 2023 Rivian R1T/R1S,扶手箱储物盒
Center Console Organizer for Rivian R1T/R1S 2022+ Automotive Console Organizer 2022 2023 Rivian R1T/R1S Accessories Armrest Storage Tray Compatible with 2022 2023 Rivian R1T/R1S,扶手箱储物盒
"Rivian R1T/R1S Console Organizer 2022+ Rivian R1T/R1S Central Console Storage Box Rivian R1T/R1S Accessories TPE Soft Rubber Cupholder Box Compatible with 2022 2023 Rivian R1T/R1S SUV,Pickup,Trucks",中控下储物盒
Center Console Organizer for Rivian R1T/R1S 2022+ Automotive Console Organizer 2022 2023 Rivian R1T/R1S Accessories Armrest Storage Tray Compatible with 2022 2023 Rivian R1T/R1S,扶手箱储物盒
Center Console Organizer for Rivian R1T/R1S 2022+ Automotive Console Organizer 2022 2023 Rivian R1T/R1S Accessories Armrest Storage Tray Compatible with 2022 2023 Rivian R1T/R1S,扶手箱储物盒
"Rivian R1T/R1S Door Side Storage Box Rivian R1T/R1S ABS Door Tray Organizer Rivian R1T/R1S Accessories Secondary Storage Box Compatible with 2022 2023 Rivian R1T/R1S Pickup,Trucks,SUV(2PCS Front Door)",前门拉手储物盒
Center Console Organizer for Rivian R1T / R1S 2022+ Automotive Consoles &amp; Organizers Rivian R1T / R1S 2022+ Accessories Armrest Storage Box Glove Tray Compatible with 2022 2023 Rivian R1T / R1S,扶手箱储物盒
BestEvMod for Rivian R1T R1S Cup Holder Lower Center Console Organizer Tray with Large Capacity Drink Cup Holder Compatible with Rivian R1T R1S 2022 2023 Fit 32oz Bottle Accessories (Black),中控下储物盒
BestEvMod for Rivian R1T R1S Cup Holder Lower Center Console Organizer Tray with Large Capacity Drink Cup Holder Compatible with Rivian R1T R1S 2022 2023 Fit 32oz Bottle Accessories (Yellow),中控下储物盒
"Front Trunk Mat Compatible with 2022 2023 Rivian R1T R1S, Upper + Lower Layer All-Weather TPE Material Front Trunk Storage Mat Cargo Liner Customized for Rivian R1T R1S Accessories",前备箱上层垫+下层垫
"RIVIGEAR Rivian Charger Holder, Charging Cable Organizer with Chassis Bracket - Wall Mount Electric Vehicle Charging Accessories Compatible with Rivian R1T R1S Portable Charger",充电枪头挂件
"WDG Update Center Console Organizer Tray for 2022 Rivian R1T R1S Accessories, Interior Accessory Armrest Storage Box ABS Material with PVC Trim",扶手箱储物盒
"BestEvMod for Rivian R1T R1S Front Door Side Insert Storage Box, Front Inner Door Handle Organizer Set of 2 with PVC Trim Compatible with Rivian R1T R1S 2022 2023 Accessories",前门拉手储物盒
"YEE PIN R1T Console Organizer R1T Lower Console Organizer for Rivian R1T R1S Lower Center Console Organizer Expanded Cupholders, Lower Storage Box Organizer for Rivian R1T R1S 2022 2023 Accessories",中控下储物盒
"YEE PIN R1T Lower Console Organizer for Rivian R1T R1S Lower Center Console Organizer, Lower Storage Box Organizer for Rivian R1T R1S 2022 2023 Accessories",中控下储物盒
"Jaronx Compatible with RIVIAN Door Side Organizer Tray 2022 2023, Front Door Storage Box For 2022 2023 RIVIAN R1S/ RIVIAN R1T, Door Side Storage Tray Door Pull Containers For RIVIAN Accessories",前门拉手储物盒
ZQULOYO Center Console Organizer Box for Rivian R1T &amp; Rivian R1S Accessories 2022 Armrest Storage Tray ABS Material with PVC Trim (Blue),扶手箱储物盒
ZQULOYO Center Console Organizer Box for Rivian R1T &amp; Rivian R1S Accessories 2022 2023 Armrest Storage Tray ABS Material with PVC Trim (Black),扶手箱储物盒
HAPPYHORSE Car Handrails Storage Box for Rivian R1T R1S 2022+ Center Console Handrails Storage Box Insert Pallet Manager Accessories,扶手箱储物盒
"Sukemichi Aluminum Floor Jack Pad Jack Pucks Shock-Absorbing Lift Chassis Support Block for RIVIAN R1T R1S Accessories,4 Pack,Silver Plating",千斤顶垫
Karltys Compatible with Center Console Organizer Rivian R1T / R1S 2023 2022 Accessories Armrest Tray Middle Console Storage Box with Black Non-Slip Silicone Mat,扶手箱储物盒
CDEFG Upgraded 2022 2023 R1S Center Console Organizer for 2023 2022 Rivian R1S Console Armrest Tray R1S Storage Box Insert Tray Coin Container 2022 2023 R1S Interior Accessories,扶手箱储物盒
2PCS Rivian R1T/R1S Door Side Storage Box 2022+ Rivian R1T/R1S ABS Door Tray Organizer Rivian R1T/R1S Accessories Secondary Storage Box Compatible with 2022 2023 Rivian R1T/R1S(Front Door),前门拉手储物盒
R RUIYA (Updated) 2023 Rivian R1T Center Console Organizer for 2022 2023 Rivian R1T/ R1S Rivian R1T 2023 Console Organizer Tray for Rivian R1T/ R1S Armrest Box Organizer for Rivian Accessories (Blue),扶手箱储物盒
R RUIYA (Updated) 2023 Rivian R1T Center Console Organizer for 2022 2023 Rivian R1T/ R1S Rivian R1T 2023 Console Organizer Tray for Rivian R1T/ R1S Armrest Box Organizer for Rivian Accessories (Red),扶手箱储物盒
(Updated) R RUIYA 2023 Rivian R1T Center Console Organizer for 2022 2023 Rivian R1T/ R1S Rivian R1T 2023 Console Organizer Tray for Rivian R1T/ R1S Armrest Box Organizer for Rivian Accessories (Black),扶手箱储物盒
(Updated) R RUIYA 2023 Rivian R1T Center Console Organizer for 2022 2023 Rivian R1T/ R1S Rivian R1T 2023 Console Organizer Tray for Rivian R1T R1S Armrest Box Organizer for Rivian Accessories (Yellow),扶手箱储物盒
"Lcojicep Armrest Organizer fits 2022 Rivian R1T/2022 Rivian R1S, 2022 R1T R1S Console Tray armrest Secondary Storage Box, armrest Box Accessories",扶手箱储物盒
"Octomo Floor Mats Fit for 2023 2022 Rivian R1T Accessories, 1st &amp; 2nd Row All Weather TPE Waterproof Protect Interior Liner Floor Mats Set (Not Fit R1S)",脚垫
"Front Trunk Mat Fit for 2022 2023 Rivian R1T R1S Accessories, Upgrade All Weather Lower Layer TPE Front Cargo Liner Trunk Mats",前备箱下层垫
"Front Trunk Mat Fit for Rivian R1T R1S 2023 2022 Accessories, All Weather Waterproof Upgrade Upper Layer TPE Front Cargo Liner Trunk Mat",前备箱上层垫
SKTU UPGRADED for 2022 2023 Rivian R1T/R1S Center Console Organizer 2023 Rivian R1T Adventure/R1S Adventure Tray Armrest Secondary Storage Box 2022 2023 R1T/R1S Accessories with Coin Holder,扶手箱储物盒
Sukemichi Console Organizer Tray for RIVIAN R1T R1S Accessories,扶手箱储物盒
"RIVIGEAR Rivian Charger Holder, Charging Cable Organizer with Chassis Bracket - Wall Mount Electric Vehicle Charging Accessories Compatible with Rivian R1T R1S Portable Charger",充电枪头挂件
"4 Packs Rivian R1T 2022+ Door Side Storage Box 2022+ Rivian R1T ABS Door Tray Organizer Rivian R1T Accessories Secondary Storage Box Compatible with 2022 2023 Rivian R1T Pickup,Trucks",前门+后门拉手储物盒
"3 Pieces Tempered Glass Matte Screen Protector Bundle for Rivian R1T/R1S Anti-Fingerprint, Anti-Glare, Ultimate Touch Sensitivity (All 3 Screens)",中控屏钢化膜
BestEvMod for Rivian R1T Truck Bed Mat Liner Foldable Accessories Pickup Heavyweight Bed Mat All-Weather Protection Compatible with Rivian R1T 2022 2023 Accessories,后斗垫
Cartist Dash Cover Custom Fit for Rivian R1T 2022 2023 Accessories Dashboard Cover Mat Non-Slip Pad Carpet Anti-Glare,避光垫
"BestEvMod for Rivian R1T Foldable Roof Sunshade 2 Layer Accessories,Sunroof Reflective Covers Blocks Glare Blocks UV Rays Heat &amp; Sun Protection Compatible with Rivian R1T 2022 2023 Accessories (Grey)",车顶遮阳挡
"BestEvMod for Rivian R1T Foldable Roof Sunshade 2 Layer Accessories,Sunroof Reflective Covers Blocks Glare Blocks UV Rays Heat &amp; Sun Protection Compatible with Rivian R1T 2022 2023 Accessories (Black)",车顶遮阳挡
"Naibeve Floor Mats for Rivian R1T 2022 2023- All Weather Custom Fit Rivian R1T Floor Mats,for Rivian R1T Floor Liner Front Trunk Liner Cargo Tray Trunk Waterproof Interior Accessories",脚垫+前备箱上层垫+下层垫
"Naibeve for Rivian R1T Front Trunk Liner Cargo Mats Liners 2022 2023,for Rivian R1T Accessories,All Weather Trunk Mat,Waterproof Front Cargo Mat Custom Fit for Rivian R1T, Heavy Duty Floor Mats",前备箱上层垫
Naibeve Floor Mats for 2022 2023 Rivian R1T - All Weather Custom Fit for Rivian R1T Floor Mats Liners Front &amp; Rear Row Waterproof Interior Accessories,脚垫
"Naibeve Floor Mats for Rivian R1T 2022 2023- All Weather Custom Fit Rivian R1T Floor Mats,for Rivian R1T Floor Liner Front Trunk Liner Cargo Tray Trunk Waterproof Interior Accessories",脚垫+前备箱上层垫+下层垫
Autorder Custom Fit for Dashboard Cover Mat Rivian R1T 2022 2023 Accessories Dash Mat Flannel Nonslip Dash Cover Sunshade Glare UV Rays Protector Black,避光垫
"GalaxyAutoShield Custom Fit Rear Side 2nd Row Windows (2pcs) Sun Shade for 2022 2023 Rivian R1T Truck, Insulated Window Sunshade Privacy Accessories Blockout UV Reflector Protection (Made in USA)",后窗遮阳挡
"Galaxy Auto Shield Custom Fit Rear Tailgate Window Sun Shade for 2022 2023 Rivian R1T Truck, Insulated Window Sunshade Privacy Accessories Blockout UV Reflector Protection - Made in USA",后挡风遮阳挡
"GalaxyAutoShield Custom Fit Front Seat Side Windows (2pcs) Sun Shade for 2022 2023 Rivian R1T Truck, Insulated Window Sunshade Privacy Accessories Blockout UV Reflector Protection (Made in USA)",前窗遮阳挡
"Galaxy Auto Shield Custom Fit Windshield Sun Shade for 2022 2023 Rivian R1T Truck, Insulated Window Sunshade Privacy Accessories Blockout UV Reflector Protection - Made in USA",前挡风遮阳挡
Octomo Center Console Organizer Fit for Rivian R1T Accessories 2022 Armrest Storage Box Insert Tray Secondary Interior Accessories,扶手箱储物盒
"PESLIVE Rivian R1T Glass Roof Sunshade for Rivian R1T Accessories, UV Blocking Heat Insulation Compatible with 2022 2023 Rivian R1T Foldable &amp; No Clips Suctions Needed",车顶遮阳挡
"BEEGROW Front Trunk Mats for Rivian R1T Accessories 2022 2023, All-Weather TPE Front Cargo Liners Custom Fit R1T (2PCS, Frunk Upper Mat+Lower Mat)",前备箱上层垫+下层垫
Sukemichi Front and Rear Entry Guards Door Sill Guards Scuff Plate Protectors for RIVIAN R1T Accessories -4 Pack,门槛条
BESTAOO Dash Phone Mount Holder Compatible with Rivian R1T 2022 2023 Accessories,手机支架
Motrobe Floor Mats TPE All Weather Protection Waterproof Floor Interior Liner Full Set Custom Fit for 2022 2023 Rivian R1T Accessories Black,脚垫
R RUIYA (4PCS) 2023 Rivian R1T Door Insert Storage Box for 2022 2023 Rivian R1T Door Side Rivian R1T 2023 Door Organizer Insert for 2023 Rivian R1T Accessories (Front &amp; Rear Doors),前门+后门拉手储物盒
"Foldable Roof Sunshade for Rivian R1T - Reflective 2-Layer Sunroof Covers, Blocks Glare, Heat, and UV Rays, Compatible with Rivian R1T 2022-2023 Accessories (Black)",车顶遮阳挡
Mixsuper Custom Fit Floor Mats for 2022-2023 Rivian R1T All Weather Floor Liners R1T Accessories Durable 1st &amp; 2nd Row Set Black,脚垫
"RERPRO Door Sill Protector Guards Compatible with 2022 2023 Rivian R1T Interior Accessories Front Rear Entry Door Sill Scuff Plate Film Welcome Pedal Protector Cover Trims, 4Pcs ABS Black",门槛条
HAPPYHORSE Front Cargo Liner Trunk Mat Compatible with Rivian R1T 2022 2023 All Weather Front Trunk Mat TPE Material Rubber Cargo Liner Accessories (Upper Cushion),前备箱上层垫
Front Cargo Liner Trunk Mat Compatible with Rivian R1T 2022 2023 All Weather Front Trunk Mat TPE Material Rubber Cargo Liner Accessories (Lower Cushion),前备箱下层垫
"GZBFTDH Fit for RIVIAN R1T Accessories Door Sill Scuff Protector Guard, Kick Panels Threshold Auto Parts Door Entry Guard 2022+",门槛条
"BESTAOO Door Sill Guards Kit, Door Entry Guards Compatible with Rivian R1T 2022 2023 Interior Accessories Door Sill Protector Replacement, 4pcs/Set (Black)",门槛条
"TWRAPS Armrest Organizer for Rivian R1T/R1S (Console, Tray Organizer) (v2 Black - with Inserts)",扶手箱储物盒
"TWRAPS Armrest Organizer for Rivian R1T/R1S (Console, Tray Organizer for The Center Console Area Under The Armrest) - Gray",扶手箱储物盒
"TWRAPS Armrest Organizer for Rivian R1T/R1S (Console, Tray Organizer) (v2 Black - with Inserts)",扶手箱储物盒
"TWRAPS Armrest Organizer for Rivian R1T/R1S (Console, Tray Organizer for The Center Console Area Under The Armrest) - Gray",扶手箱储物盒
"TWRAPS Armrest Organizer for Rivian R1T/R1S (Console, Tray Organizer) (v2 Yellow - with Inserts)",扶手箱储物盒
"TWRAPS Armrest Organizer for Rivian R1T/R1S (Console, Tray Organizer for The Center Console Area Under The Armrest, Storage Box) - Yellow",扶手箱储物盒
Dual Wireless Charger for Rivian R1T &amp; R1S | Compatible with MagSafe Enabled iPhone 12 and Newer | Does NOT Work with Android Phones,无线充电板
"HANSSHOW Sunshade Glass Roof Sunshade Compatible with Rivian R1T, UV Blocking/Heat Insulation Cover Set Foldable Sun Shade Compatible with Rivian R1T 2022 2023 (1 pcs)(No Clips/Suctions Needed)",车顶遮阳挡
RIVIGEAR Jack Pucks Floor Jack Lifting Jack Pad Lift Point Adapter with Storage Case Compatible with Rivian R1T R1S - Upgrade Version - 4 Pack,千斤顶垫
RIVIGEAR Jack Puck Floor Jack Lifting Jack Pad Puck Lift Point Adapter Compatible with Rivian R1T R1S -Upgrade 1 Pack,千斤顶垫
"KitsPro 2.25Inch 57MM Wheel Center Caps for Tesla Model S Model X Model Y Model 3 Rivian R1T Rim Hub Caps 6005879 00 A, Pack of 4 (Chrome, Outer 57MM, Inner 50MM)",千斤顶垫
"KitsPro 2.25Inch 57MM Wheel Center Caps for Tesla Model S Model X Model Y Model 3 Rivian R1T Rim Hub Caps 6005879 00 A, Pack of 4 (Silver, Outer 57MM, Inner 50MM)",轮毂中心盖
"KitsPro 2.25Inch 57MM Wheel Center Caps for Tesla Model S Model X Model Y Model 3 Rivian R1T Rim Hub Caps 6005879 00 A, Pack of 4 (Matte Black, Outer 57MM, Inner 50MM)",轮毂中心盖
"KitsPro 2.25Inch 57MM Wheel Center Caps for Tesla Model S Model X Model Y Model 3 Rivian R1T Rim Hub Caps 6005879 00 A, Pack of 4 (Gloss Black, Outer 57MM, Inner 50MM)",轮毂中心盖
RIVIGEAR Sun Shade for Rivian R1T | Glass Roof Sunshade with UV/Heat Insulation Cover Compatible with 2022 2023 Rivian R1T | Foldable & No Clips/Suctions Needed | Stay Cool & Comfortable | Grey,车顶遮阳挡
"Spigen Tempered Glass Screen Protector [Glas.tR Slim] designed for Rivian R1T, R1S (2022/2023) 15.6"" Dashboard Touchscreen - Matte/Anti Finger Print",中控屏钢化膜
RIVIGEAR Jack Pucks Floor Jack Lifting Jack Pad Neodymium Magnets Top Lift Point Adapter with Storage Bag Compatible with Rivian R1T R1S - Upgrade 1 Pack,千斤顶垫
RIVIGEAR Jack Pucks Floor Jack Lifting Jack Pad Neodymium Magnets Top Lift Point Adapter with Storage Bag Compatible with Rivian R1T R1S - Upgrade 1 Pack,千斤顶垫
RIVIGEAR Sun Shade for Rivian R1T | Glass Roof Sunshade with UV/Heat Insulation Cover Compatible with 2022 2023 Rivian R1T | Foldable &amp; No Clips/Suctions Needed | Stay Cool &amp; Comfortable | Grey,车顶遮阳挡
"Waterproof Truck Cover Replace for 2022 2023 Rivian R1T, 300D Oxford Fabric Custom-fit All Weather Car Covers with Zipper Door for Snow Rain Dust Hail Protection",车罩
BrainExploder Tow Hook Plate Mount for Rivian R1T and R1S,拖车钩牌照安装支架
Tunnel Door Sill Wrap for Rivian R1T Black Carbon Fiber,隧道门槛条
Tunnel Door Sill Wrap for Rivian R1T Yellow,隧道门槛条
KUST Windshield Sun Shade for Rivian R1T 2022 2023 Sunshade Window Sun Visor Protector Foldable Blocks UV Rays Keep Your Car Cooler,前挡风遮阳挡
"AutoMate Pro Custom Fit Windshield Foldable Sunshade for 2022 2023 Rivian R1T Truck, Compact Sun Shade Block UV Rays Visor Protector Folding Dual-Purpose (Made in USA)",前挡风遮阳挡
Magnetic Jack Puck Adapter Kit for Rivian R1T &amp; R1S w/Zippered Case,千斤顶垫
TWRAPS Cargo Crossbars Wall Mount for Rivian R1T/R1S,后斗横杆壁挂架
"Megawatt Pro Series Billet Jack Puck - Professional Magnetic Jack Puck for Rivian R1S and R1T - Works with Floor Jack, Lift, or Bottle Jack (1)",千斤顶垫
"Megawatt Pro Series Billet Jack Puck - Professional Magnetic Jack Puck for Rivian R1S and R1T - Works with Floor Jack, Lift, or Bottle Jack (4)",千斤顶垫
RIVIGEAR Frunk Mat for Rivian R1T R1S - Front Truck Mat Cargo Liner Mats Compatible with Rivian 2022 2023 - Upper and Lower Layer Set,前备箱上层垫+下层垫
"SnapPlate? Gen2 for Rivian R1T &amp; R1S - No-Drill License Plate Holder, Front License Plate Mounting Kit, No Adhesives, Height-Adjustable, Removable, License Frame (Only Fits Rivian R1T&amp;S 2022-2023+)",前牌照安装支架
"Rivian R1T &amp; R1S No-Drill License Plate Holder, Front License Plate Mounting Kit, No Adhesives, Removable, License Frame (Only Fits Rivian R1T&amp;S 2022-2023+) - Quick, Easy, Grille-Safe - Made in USA",前牌照安装支架
"EveryAmp Dash Anchor + 17mm Magnet Mount for Rivian R1T &amp; R1S 2022-2023 - Mount Phones, Tablets, Microphones, Radar Detectors and More with No Screws or Adhesives",球形支架安装座
TWRAPS Headlights Smoke Tint for Rivian R1T / R1S Medium Smoke (50% VLT),大灯保护膜
TWRAPS Headlights Smoke Tint for Rivian R1T / R1S Dark Smoke (30% VLT),大灯保护膜
TWRAPS Headlights Smoke Tint for Rivian R1T / R1S Light Smoke (70% VLT),大灯保护膜
TWRAPS Headlights Smoke Tint for Rivian R1T / R1S (Clear),大灯保护膜
TWRAPS Bumper Clear Protection Film (PPF) for Rivian R1T / R1S Full Bumper (5pcs),前杠保护膜
"RIVIGEAR Charger Holder for Rivian, Charging Cable Organizer with Chassis Bracket - Wall Mount Electric Vehicle Charger Control Box Compatible with Rivian R1T R1S Portable Charger - Silver",充电枪头挂件
AutofitPro Set of 2 Custom Fit Automotive Reflective Front Seat Side Window Sunshade Compatible with 2022 2023 Rivian R1t Pick Up,前窗遮阳挡
AutofitPro Set of 2 Custom Fit Automotive Reflective Rear Seat Side Window Sunshade Compatible with 2022 2023 Rivian R1t Pick Up,后窗遮阳挡
"AutofitPro Custom Fit Automotive Reflective Windshield Sunshade Compatible with 2022 2023 Rivian R1t Pick Up, Silver,Black",前挡风遮阳挡
RIVIGEAR Floor Mats All Weather Protection TPE Floor Liners Compatible with Rivian R1T 2022 2023 | Maximum Protection and Durability,脚垫
TWRAPS Bumper Clear Protection Film (PPF) for Rivian R1T / R1S Sides Only (4pcs),前杠保护膜
TWRAPS Bumper Clear Protection Film (PPF) for Rivian R1T / R1S Middle Only (1pc),前杠保护膜
TWRAPS Rear Seats Under-Storage Divider for Rivian R1T Set of 2,后座下储物隔板
RULLINE Aluminum Jack Pucks Jack Lifting Jack Pad Lift Point Adapter with Magnetic and Easy to Hold on Corner Compatible with Rivian R1T R1S -4 Pack with Storage Case,千斤顶垫
TWRAPS Door Entry Clear Protection Film (PPF) for Rivian R1T 8mil,门槛条
TWRAPS Door Entry Clear Protection Film (PPF) for Rivian R1T 10mil,门槛条
RYANSTAR RACING Aluminum Jack Pucks Jack Lifting Jack Pad Lift Point Adapter with Magnetic and Easy to Hold on Corner Compatible with Rivian R1T R1S -4 Pack with Storage Case,千斤顶垫
RYANSTAR RACING Aluminum Jack Lifting Jack Pad Lift Point Adapter with Storage Case Compatible with Rivian R1T R1S -4 Pack,千斤顶垫
TWRAPS Door Handles Vinyl Cover for Rivian R1T / R1S White Metallic,门把手保护膜
TWRAPS Door Handles Vinyl Cover for Rivian R1T / R1S Gray Carbon Fiber,门把手保护膜
TWRAPS Door Handles Vinyl Cover for Rivian R1T / R1S Satin White,门把手保护膜
TWRAPS Door Handles Vinyl Cover for Rivian R1T / R1S Glossy Black,门把手保护膜
TWRAPS Door Handles Vinyl Cover for Rivian R1T / R1S White Carbon Fiber,门把手保护膜
TWRAPS Door Handles Vinyl Cover for Rivian R1T / R1S Red,门把手保护膜
TWRAPS Door Handles Vinyl Cover for Rivian R1T / R1S Pink,门把手保护膜
TWRAPS Door Handles Vinyl Cover for Rivian R1T / R1S Black Carbon Fiber,门把手保护膜
TWRAPS Door Handles Vinyl Cover for Rivian R1T / R1S Black Carbon Fiber,门把手保护膜
"JHD-TOGO for Rivian Jack Pad,Floor Jack Lifting Point,Jack Pad Adapter Tools with Storage Case Compatible with Rivian R1T R1S(4 Pack)",千斤顶垫
Rivian Phone Adapter/Mount for Dual Wireless Charging | R1T and R1S | Two Sizes!,无线充电固定板
TWRAPS Door Handles Vinyl Cover for Rivian R1T / R1S Yellow,门把手保护膜
"Jaronx Compatible with RIVIAN R1S/R1T Console Organzier 2022 2023, Center Console Organizer for RIVIAN R1T, Armrest Storage Tray for RIVIAN R1S",扶手箱储物盒
"Rivian Phone Adapter/Mount for Dual Wireless Charging for Both R1T and R1S, Two Sizes!",无线充电固定板
"Team 1EV Billet Aluminum Heavy Duty Lifting Jack Pad Pucks for Rivian R1T / R1S (1 Puck, Include Case &amp; Screen Kit)",千斤顶垫
"Team 1EV Billet Aluminum Heavy Duty Lifting Jack Pad Pucks for Rivian R1T / R1S (2 Pucks, Include Case &amp; Screen Kit)",千斤顶垫
"Team 1EV Billet Aluminum Heavy Duty Lifting Jack Pad Pucks for Rivian R1T / R1S (2 Pucks, Include Case)",千斤顶垫
"Team 1EV Billet Aluminum Heavy Duty Lifting Jack Pad Pucks for Rivian R1T / R1S (1 Puck, Include Case)",千斤顶垫
"Team 1EV Billet Aluminum Heavy Duty Lifting Jack Pad Pucks for Rivian R1T / R1S (4 Pucks, Include Case &amp; Screen Kit)",千斤顶垫
TWRAPS Door Handles Vinyl Cover for Rivian R1T / R1S Blue,门把手保护膜
SMARTLINER Custom Fit All Weather Black Front Trunk Liner Compatible with 2022-2023 Rivian R1T,前备箱上层垫
"EveryAmp Dash Anchor with 20mm Ball Mount for Rivian R1T &amp; R1S 2022-2023 - Mount Phones, Tablets, Microphones, Radar Detectors and More with No Screws or Adhesives",球形支架安装座
"amFilm Glass Screen Protector for 2022 Rivian R1T / R1S, (3 Pack) Touch Display Tempered Glass Screen Protector for Rivian R1T / R1S - Easy Installation, High Touch Sensitivity, Bubble Free",中控屏+仪表屏+后中控屏钢化膜
RIVIGEAR Rivian Under Seat Storage Box Rear Seat Organizer Back Seat Tray Compatible with Rivian R1T R1S,后座储物盒
Mixsuper Truck Bed Mat Compatible with 2022-2023 Rivian R1T All Weather Truck Rugged Bed Liner TPE Durable Odorless Black,后斗垫
"TTCR-II Compatible with Rivian R1S R1T Center Console Organizer 2022-2023, for Rivian Console Organizer Tray 2022-2023, Rivian Center Armrest Storage Box with Non-Slip Black Mat",扶手箱储物盒
TWRAPS Spokes Vinyl Covers for Rivian 20&quot; All Terrain Wheels (R1T/R1S) Gun Metal,轮毂贴
TWRAPS Spokes Vinyl Covers for Rivian 20&quot; All Terrain Wheels (R1T/R1S) Black Carbon Fiber,轮毂贴
BESTAOO 4 Pack Jack Pucks Aluminum Floor Jack Lifting Jack Pad Lift Point Adapter Compatible with Rivian R1T R1S (4Pack),千斤顶垫
TWRAPS Spokes Vinyl Covers for Rivian 20&quot; All Terrain Wheels (R1T/R1S) Satin Black,轮毂贴
TWRAPS Spokes Vinyl Covers for Rivian 20&quot; All Terrain Wheels (R1T/R1S) Yellow,轮毂贴
PACEWALKER Center Console Organizer Tray for Rivian R1T/R1S ABS Material with PVC Trim,扶手箱储物盒
Spokes Vinyl Covers for Rivian's 21&quot; Road Wheels (R1T/R1S) Gun Metal,轮毂贴
Spokes Vinyl Covers for Rivian's 21&quot; Road Wheels (R1T/R1S) Yellow,轮毂贴
Spokes Vinyl Covers for Rivian's 21&quot; Road Wheels (R1T/R1S) (Satin Black),轮毂贴
TWRAPS Mud Flaps for Rivian R1T/R1S Standard,挡泥板
"Waterproof Car Cover Replace for 2022-2023 Rivian R1T, 300D Oxford Fabric with Inner PU Coating Custom-fit All Weather Car Covers with Zipper Door for Snow Rain Dust Hail Protection",车罩
TWRAPS Tailgate Clear Protection Film (PPF) for Rivian R1T Top + Bottom,后杠保护膜
Tailgate Clear Protection Film (PPF) for Rivian R1T Top,后杠保护膜
TWRAPS Hood Clear Protection Film (PPF) for Rivian R1T/R1S Bottom Piece Only,引擎盖保护前端保护膜
TWRAPS Hood Clear Protection Film (PPF) for Rivian R1T/R1S Top + Bottom,引擎盖保护膜
"HeatShield, The Original Windshield Sun Shade, Custom-Fit for Rivian R1T Truck (Crew Cab) 2021, 2022, 2023 Silver Series",前挡风遮阳挡
RULLINE Aluminum Jack Pucks Jack Lifting Jack Pad Lift Point Adapter with Magnetic and Easy to Hold on Corner Compatible with Rivian R1T R1S -1 Pack,千斤顶垫
RULLINE Aluminum Jack Pucks Jack Lifting Jack Pad Lift Point Adapter with Magnetic and Easy to Hold on Corner Compatible with Rivian R1T R1S -4 Pack with Storage,千斤顶垫
"Husky Liners - X-ACT Contour | 2022 Rivian R1T, 2nd Row Liner - Black, 1 pc. | 51681",后排脚垫
TWRAPS Yellow Fog Lights Tint for Rivian R1T/R1S,雾灯保护膜
"APESER Compatible with Rivian R1T/R1S Center Console Organizer 2022 2023, for R1T/R1S Center Console Organizer Tray, Center Aremrest Secondary Storage Box with Rubber Mats",扶手箱储物盒
SMARTLINER Custom Fit All Weather Black 2 Row Floor Mat Liner Set and Front Trunk Liner Compatible with 2022-2023 Rivian R1T,脚垫+前备箱上层垫
Mixsuper Custom Fit Front Trunk Liner for 2022-2023 Rivian R1T All Weather Frunk Mat Black,前备箱上层垫
TLAPS 7422439866843 For Rivian R1T 2022-2023 4.5 Feet (54.1&quot;) Bed Black Rubber Diamond Plate Truck Bed Mat,后斗垫
"WeatherTech Cargo Trunk Liner for Rivian R1S, R1T - Front Cargo Compartment (401539) Black",前备箱上层垫
Mirrors Clear Protection Film (PPF) for Rivian R1T / R1S 8mil,后视镜保护膜
True Line Automotive Precut Window Tint Kit Compatible with Rivian R1T 2022 2023 5% Front Windshield Only,前窗遮阳挡
True Line Automotive Precut Window Tint Kit Compatible with Rivian R1T 2022 2023 20% All Side and Back Windows,前窗+后窗+后挡风遮阳挡
True Line Automotive Precut Window Tint Kit Compatible with Rivian R1T 2022 2023 50% Fronts 5% Backs,前窗+后窗+后挡风遮阳挡
True Line Automotive Precut Window Tint Kit Compatible with Rivian R1T 2022 2023 35% Fronts Only,前窗遮阳挡
True Line Automotive Precut Window Tint Kit Compatible with Rivian R1T 2022 2023 50% Practice Driver Front,驾驶员侧前窗遮阳挡
True Line Automotive Precut Window Tint Kit Compatible with Rivian R1T 2022 2023 50% Back Window Only,后挡风遮阳挡
True Line Automotive Precut Window Tint Kit Compatible with Rivian R1T 2022 2023 50% Fronts 20% Backs,前窗+后窗+后挡风遮阳挡
True Line Automotive Precut Window Tint Kit Compatible with Rivian R1T 2022 2023 20% Front Windshield Only,前挡风遮阳挡
True Line Automotive Precut Window Tint Kit Compatible with Rivian R1T 2022 2023 20% Practice Driver Front,驾驶员侧前窗遮阳挡
True Line Automotive Precut Window Tint Kit Compatible with Rivian R1T 2022 2023 35% Fronts 20% Backs,前窗+后窗+后挡风遮阳挡
True Line Automotive Precut Window Tint Kit Compatible with Rivian R1T 2022 2023 20% Fronts 5% Backs,前窗+后窗+后挡风遮阳挡
True Line Automotive Precut Window Tint Kit Compatible with Rivian R1T 2022 2023 50% Fronts Only,前窗遮阳挡
True Line Automotive Precut Window Tint Kit Compatible with Rivian R1T 2022 2023 35% Practice Driver Front,驾驶员侧前窗遮阳挡
True Line Automotive Precut Window Tint Kit Compatible with Rivian R1T 2022 2023 50% All Side and Back Windows,前窗+后窗+后挡风遮阳挡
True Line Automotive Precut Window Tint Kit Compatible with Rivian R1T 2022 2023 5% Fronts Only,前窗遮阳挡
True Line Automotive Precut Window Tint Kit Compatible with Rivian R1T 2022 2023 35% Front Windshield Only,前挡风遮阳挡
True Line Automotive Precut Window Tint Kit Compatible with Rivian R1T 2022 2023 5% Practice Driver Front,驾驶员侧前窗遮阳挡
True Line Automotive Precut Window Tint Kit Compatible with Rivian R1T 2022 2023 50% Front Windshield Only,前挡风遮阳挡
True Line Automotive Precut Window Tint Kit Compatible with Rivian R1T 2022 2023 5% Back Window Only,后挡风遮阳挡
True Line Automotive Precut Window Tint Kit Compatible with Rivian R1T 2022 2023 35% Fronts 5% Backs,前窗+后窗+后挡风遮阳挡
True Line Automotive Precut Window Tint Kit Compatible with Rivian R1T 2022 2023 50% Fronts 35% Backs,前窗+后窗+后挡风遮阳挡
True Line Automotive Precut Window Tint Kit Compatible with Rivian R1T 2022 2023 35% Back Window Only,后挡风遮阳挡
True Line Automotive Precut Window Tint Kit Compatible with Rivian R1T 2022 2023 20% Back Window Only,后挡风遮阳挡
True Line Automotive Precut Window Tint Kit Compatible with Rivian R1T 2022 2023 35% All Side and Back Windows,前窗+后窗+后挡风遮阳挡
True Line Automotive Precut Window Tint Kit Compatible with Rivian R1T 2022 2023 20% Fronts Only,前窗遮阳挡
KUST Front Trunk Liner Frunk Mat Compatible with 2022-2023 Rivian R1T All Weather Black,前备箱上层垫
"Floor Mats Compatible with 2022 2023 Rivian R1T-Tight Fit Car Floor Mats All Weather, Waterproof Rubber Floor Mats, Easy to Remove 3D Floor Mats Fit for Rivian R1T",脚垫
"RERPRO Steering Wheel Cover Trim Compatible with 2022 2023 Rivian R1T R1S Interior Accessories Decoration ABS Decal Sticker, 1 Pack Yellow",方向盘装饰框
"INNOSURE ( 3 Pack Glass Screen Protector for 2022 2023 Rivian R1S / R1T 15.6"" GPS Multi-media Touchscreen, 12.3"" Digital Gauge Cluster Screen, 6.5"" Rear Center Console Screen Anti Glare (Matte)",中控屏+仪表屏+后中控屏钢化膜
"ISSYAUTO 3 Pieces Tempered Glass Screen Protector Bundle Compatible with Rivian R1T R1S Navigation Touch Screen Protector Anti-Fingerprint, Anti-Glare, Touch Sensitivity",中控屏+仪表屏+后中控屏钢化膜
SMARTLINER Custom Fit All Weather Black 2 Row Floor Mat Liner Set Compatible with 2022-2023 Rivian R1T,脚垫
"Spigen Tempered Glass Screen Protector [GlasTR EZ FIT] designed for Rivian R1S(2022/2023), R1T(2022/2023) 15.6"" Dashboard Touchscreen - Matte/Anti Glare/Anti Finger Print",中控屏钢化膜
"Electruck4x4 Glass Screen Protector for Rivian R1T and R1S - High-definition Tempered Glass Matte - Protects All Three Screens (3 pack Dash, Navigation, and Rear)",中控屏+仪表屏+后中控屏钢化膜
ISSYAUTO Car Door Sill Guards Protector Kit Compatible with Rivian R1T / R1S 2022 Door Trim Threshold Protection Sticker Scratch Film,门槛条
KUST Floor Mats Compatible with Rivian R1T 2022 2023 2024 All Weather Floor Mats Liner 2 Row Seat Carpet Liners Set Black TPE,脚垫
"PIAOLGYI Wireless Charger Holder for Rivian R1T & R1S,MagSafe Charging Tray,Center Console Phone Mount for Rivian(Wireless Charger No Include)",无线充电固定板
Fit for Rivian R1t Pickup Truck 2022 2023 Custom Sunshade for car Window and Front Windshield (All-car Window Glass Sunshade),前挡风+前窗+后窗+后挡风遮阳挡
Former Windshield Sun Shade ，for Sunshade Foldable， for RIVIAN R1S SUV 2022 2023 Sun Visor Protector Blocks UV Rays ，Keep Your Car Cooler,前挡风遮阳挡
Fit for Rivian R1t Pickup Truck 2022 2023 Custom Sunshade for car Window and Front Windshield (Front Windshield Sunshade),前挡风遮阳挡
"ProCaps 57MM 2.25 Inch Wheel Center Caps for Rivian Tesla 600587900A Rim Wheel Center Hub Caps, Pack of 4",轮毂中心盖
"ProCaps 57MM 2.25 Inch Wheel Center Caps for Rivian Tesla 600587900A Rim Wheel Center Hub Caps, Pack of 4",轮毂中心盖
"ProCaps 57MM 2.25 Inch Wheel Center Caps for Rivian Tesla 600587900A Rim Wheel Center Hub Caps, Pack of 4",轮毂中心盖
"ProCaps 57MM 2.25 Inch Wheel Center Caps for Rivian Tesla 600587900A Rim Wheel Center Hub Caps, Pack of 4",轮毂中心盖
"57MM 2.25 Inch Wheel Center Caps Compatible with Rivian Tesla 600587900A Rim Wheel Center Hub Caps, 4 PCS",轮毂中心盖
"57MM 2.25 Inch Wheel Center Caps Compatible with Rivian Tesla 600587900A Rim Wheel Center Hub Caps, 4 PCS",轮毂中心盖
"57MM 2.25 Inch Wheel Center Caps Compatible with Rivian Tesla 600587900A Rim Wheel Center Hub Caps, 4 PCS",轮毂中心盖
TWRAPS Door Entry Clear Protection Film (PPF) for Rivian R1S 10mil,门槛条
TWRAPS Chrome Delete for Rivian R1S Yellow,车窗饰条
TWRAPS Chrome Delete for Rivian R1S Satin Black,车窗饰条
TWRAPS Chrome Delete for Rivian R1S Glossy Black,车窗饰条
TWRAPS Door Entry Clear Protection Film (PPF) for Rivian R1S 8mil,门槛条
ISSYAUTO Jack Pucks Floor Jack Lifting Jack Pad Lift Point Adapter Compatible with Rivian R1T R1S 2022 2023 Heavy Duty Aluminum Lifting Jack Pad Kit 4 Pucks,千斤顶垫
Tesmirror Fit All Weather Black Front Trunk Liner Compatible with 2022-2023 Rivian R1T,前备箱上层垫+下层垫
True Line Automotive Precut Window Tint Kit Compatible with Rivian R1T 2022 2023 5% All Side and Back Windows,前窗+后窗+后挡风遮阳挡
